City_ID,City,Lat,Lng,Max Temp,Humidity,Cloudiness,Wind Speed,Country,Date
0,invercargill,-46.4,168.35,284.27,83,65,4.47,NZ,1714869500
1,hawaiian paradise park,19.5933,-154.9731,298.88,79,100,5.66,US,1714869501
2,adamstown,-25.066,-130.1015,294.21,64,72,8.79,PN,1714869502
3,blackmans bay,-43.0167,147.3167,285.78,70,0,1.34,AU,1714869502
4,la libertad,-2.2333,-80.9,297.69,79,65,3.45,EC,1714869503
5,bethel,41.3712,-73.414,286.36,76,0,2.57,US,1714869503
6,thal,35.4791,72.2439,277.78,77,9,3.37,PK,1714869504
7,olonkinbyen,70.9221,-8.7187,271.72,99,100,6.96,SJ,1714869504
8,yellowknife,62.456,-114.3525,282.27,65,0,4.12,CA,1714869505
9,camana,-16.6228,-72.7111,293.4,90,96,3.28,PE,1714869505
10,grytviken,-54.2811,-36.5092,273.41,78,50,4.97,GS,1714869506
11,waitangi,-43.9535,-176.5597,285.83,84,100,2.68,NZ,1714869506
12,port-aux-francais,-49.35,70.2167,276.62,61,100,8.53,TF,1714869507
13,haiku-pauwela,20.9219,-156.3051,299.38,73,40,11.83,US,1714869507
14,ribeira grande,38.5167,-28.7,290.25,93,100,1.34,PT,1714869508
15,kailua-kona,19.6406,-155.9956,301.13,78,75,5.14,US,1714869508
16,ushuaia,-54.8,-68.3,275.96,87,100,3.6,AR,1714869509
17,paraiso,9.8383,-83.8656,295.1,97,87,1.29,CR,1714869509
18,fomboni,-12.28,43.7425,301.46,73,81,2.71,KM,1714869510
19,georgetown,5.4112,100.3354,301.12,83,20,1.54,MY,1714869510
20,albany,42.6001,-73.9662,290.51,61,100,0.89,US,1714869511
21,port elizabeth,-33.918,25.5701,290.43,82,0,2.06,ZA,1714869511
22,nyurba,63.2842,118.3319,274.58,99,97,2.91,RU,1714869512
23,whitehorse,60.7161,-135.0538,285.58,31,100,7.72,CA,1714869512
24,ilulissat,69.2167,-51.1,266.16,79,100,1.54,GL,1714869513
25,san julian,21.0167,-102.1667,301.58,10,52,4.64,MX,1714869513
26,edinburgh of the seven seas,-37.0676,-12.3116,287.49,75,25,14.33,SH,1714869514
27,longyearbyen,78.2186,15.6401,267.06,79,40,3.6,SJ,1714869514
28,anadyr,64.75,177.4833,271.43,63,0,7.0,RU,1714869515
29,thompson,55.7435,-97.8558,279.24,70,100,4.63,CA,1714869515
30,papatowai,-46.5619,169.4708,284.38,69,42,5.37,NZ,1714869516
31,afaahiti,-17.75,-149.2833,303.08,83,38,7.34,PF,1714869516
32,rawlins,41.7911,-107.2387,290.01,21,0,3.09,US,1714869517
33,puerto natales,-51.7236,-72.4875,273.58,81,63,3.3,CL,1714869517
34,chonchi,-42.6128,-73.8092,276.71,96,100,1.51,CL,1714869518
35,tuapse,44.1125,39.0742,282.81,87,100,6.81,RU,1714869437
36,puerto ayora,-0.7393,-90.3518,297.34,95,100,3.58,EC,1714869519
37,lebu,-37.6167,-73.65,283.33,86,100,4.63,CL,1714869519
38,vorgashor,67.5833,63.95,257.07,98,100,1.58,RU,1714869520
39,st. john's,47.5649,-52.7093,275.81,95,100,7.72,CA,1714869339
40,badger,64.8,-147.5333,290.29,34,20,5.14,US,1714869521
41,muscatine,41.4667,-91.1335,289.63,58,97,7.2,US,1714869521
42,namsos,64.4662,11.4957,277.18,81,0,1.03,NO,1714869521
43,ghat,24.9647,10.1728,299.59,31,5,1.97,LY,1714869522
44,tyuratam,45.6507,63.3156,288.08,50,100,4.21,KZ,1714869522
45,enoch,37.7733,-113.0244,294.29,25,0,14.4,US,1714869523
46,am timan,11.0297,20.2827,304.05,14,100,1.23,TD,1714869523
47,inari,68.906,27.0288,271.26,93,58,1.43,FI,1714869524
48,kodiak,57.79,-152.4072,280.88,71,100,5.66,US,1714869524
49,quthing,-30.4,27.7003,285.3,46,0,1.51,LS,1714869526
50,baise city,23.8997,106.6133,295.74,80,43,0.52,CN,1714869526
51,ilave,-16.0833,-69.6667,279.42,68,99,0.59,PE,1714869527
52,quito,-0.2299,-78.5249,284.68,91,100,1.33,EC,1714869520
53,san jose del cabo,23.0589,-109.6977,304.13,55,40,5.14,MX,1714869528
54,luebo,-5.35,21.4167,294.36,73,63,0.5,CD,1714869528
55,saipan,15.1355,145.701,304.54,66,40,5.14,MP,1714869529
56,tahe,52.3333,124.7333,282.8,46,2,2.57,CN,1714869529
57,greenland,43.0362,-70.8328,282.97,84,75,3.6,US,1714869530
58,wailua homesteads,22.0669,-159.378,300.39,85,100,9.77,US,1714869530
59,princeton,25.5384,-80.4089,299.26,78,40,6.17,US,1714869531
60,sitka,57.0531,-135.33,287.09,51,40,1.54,US,1714869498
61,cabo san lucas,22.8909,-109.9124,301.82,41,20,2.06,MX,1714869532
62,kapa'a,22.0752,-159.319,301.14,84,100,9.77,US,1714869342
63,utrik,11.2278,169.8474,300.89,74,97,6.2,MH,1714869533
64,keflavik,64.0049,-22.5624,277.39,93,100,4.12,IS,1714869534
65,bozkurt,41.9577,34.0109,283.23,95,100,1.78,TR,1714869534
66,hasaki,35.7333,140.8333,298.31,65,0,7.73,JP,1714869535
67,port lincoln,-34.7333,135.8667,290.01,65,0,4.37,AU,1714869535
68,iqaluit,63.7506,-68.5145,268.0,86,100,6.17,CA,1714869536
69,celestun,20.8667,-90.4,301.61,66,0,8.56,MX,1714869536
70,bilibino,68.0546,166.4372,273.1,70,12,1.4,RU,1714869537
71,tazovsky,67.4667,78.7,264.34,91,100,6.13,RU,1714869537
72,nar'yan-mar,67.6713,53.087,259.32,100,100,1.79,RU,1714869538
73,port hedland,-20.3167,118.5667,296.18,33,0,3.09,AU,1714869538
74,metropolis,37.1512,-88.732,300.25,53,0,2.06,US,1714869539
75,uturoa,-16.7333,-151.4333,301.08,72,6,7.26,PF,1714869539
76,gadzhiyevo,69.2551,33.3362,268.32,96,99,4.31,RU,1714869540
77,port saint john's,-31.6229,29.5448,294.67,84,100,5.78,ZA,1714869540
78,laguna,38.421,-121.4238,288.31,72,100,7.2,US,1714869541
79,saint-pierre,-21.3393,55.4781,294.97,78,75,6.17,RE,1714869541
80,talnakh,69.4865,88.3972,256.04,94,76,2.99,RU,1714869542
81,west island,-12.1568,96.8225,300.14,89,75,8.23,CC,1714869543
82,port mathurin,-19.6833,63.4167,298.79,74,13,8.24,MU,1714869543
83,varzea da palma,-17.5981,-44.7308,294.55,64,0,1.59,BR,1714869544
84,remire-montjoly,4.9167,-52.2667,300.17,94,75,1.03,GF,1714869545
85,horta,38.5333,-28.6333,289.27,93,100,1.79,PT,1714869545
86,hsinchu,24.8036,120.9686,300.29,86,79,0.45,TW,1714869546
87,udachny,66.4167,112.4,272.84,94,100,3.38,RU,1714869546
88,burang,30.25,81.1667,270.84,80,15,0.27,CN,1714869406
89,petropavlovsk-kamchatsky,53.0452,158.6483,276.48,78,100,3.58,RU,1714869547
90,puerto rico,-26.796,-55.024,295.16,99,5,0.46,AR,1714869548
91,ust-nera,64.5667,143.2,274.71,80,85,1.29,RU,1714869548
92,kuta,-8.7233,115.1723,299.12,94,20,0.51,ID,1714869549
93,nouadhibou,20.931,-17.0347,291.14,88,0,6.69,MR,1714869550
94,nova sintra,14.8667,-24.7167,296.49,78,2,9.69,CV,1714869550
95,luderitz,-26.6481,15.1594,288.93,87,0,4.29,NA,1714869551
96,alofi,-19.0595,-169.9187,303.09,79,20,3.6,NU,1714869551
97,el granada,37.5027,-122.4694,287.13,82,75,8.23,US,1714869552
98,codrington,-38.2667,141.9667,289.19,70,37,3.17,AU,1714869552
99,fale old settlement,-9.3852,-171.2468,302.1,73,100,1.95,TK,1714869553
100,mount gambier,-37.8333,140.7667,289.69,70,71,2.77,AU,1714869553
101,kapuskasing,49.4169,-82.4331,291.2,39,75,3.09,CA,1714869554
102,labrador city,52.9463,-66.9114,279.1,70,75,3.6,CA,1714869554
103,morehead city,34.7229,-76.726,296.49,83,0,2.06,US,1714869555
104,shahrisabz,39.0578,66.8342,288.44,85,100,1.62,UZ,1714869556
105,college,64.8569,-147.8028,290.33,36,75,5.14,US,1714869556
106,turpan,42.9333,89.1667,302.1,9,81,1.81,CN,1714869556
107,katsuren-haebaru,26.3369,127.8719,300.16,79,40,6.69,JP,1714869557
108,yaren,-0.5472,166.916,301.78,77,100,3.14,NR,1714869558
109,tual,-5.6667,132.75,299.5,90,100,11.7,ID,1714869558
110,gobabis,-22.45,18.9667,288.27,24,0,4.88,NA,1714869559
111,punta arenas,-53.15,-70.9167,276.21,65,0,5.66,CL,1714869559
112,red hill,33.9996,-79.2581,296.48,17,100,2.92,US,1714869560
113,kishtwar,33.3167,75.7667,285.19,59,0,2.65,IN,1714869560
114,avarua,-21.2078,-159.775,301.18,83,75,3.6,CK,1714869561
115,hamilton,39.1834,-84.5333,296.35,88,0,0.0,US,1714869562
116,bequimao,-2.4489,-44.7825,298.0,98,100,2.49,BR,1714869562
117,tura,25.5198,90.2201,297.83,73,1,2.36,IN,1714869562
118,mil'kovo,55.6078,37.7956,281.67,89,100,5.55,RU,1714869563
119,guerrero negro,27.9769,-114.0611,290.51,71,0,9.4,MX,1714869564
120,klyuchi,52.2667,79.1667,285.6,64,99,1.15,RU,1714869564
121,tara,56.8944,74.371,275.86,82,7,6.28,RU,1714869565
122,holualoa,19.6228,-155.9522,299.06,77,75,5.14,US,1714869565
123,prado,-17.3411,-39.2208,298.1,87,18,2.87,BR,1714869566
124,new plymouth,-39.0667,174.0833,290.27,75,94,2.68,NZ,1714869566
125,sylva,58.0348,56.7635,271.8,76,21,2.16,RU,1714869567
126,jumla,29.2747,82.1838,284.14,48,20,1.42,NP,1714869567
127,itoman,26.1247,127.6694,300.16,75,20,7.72,JP,1714869568
128,stanley,54.868,-1.6985,282.32,91,75,0.0,GB,1714869568
129,mahibadhoo,3.7833,72.9667,302.82,77,90,5.75,MV,1714869569
130,bredasdorp,-34.5322,20.0403,285.57,83,11,1.73,ZA,1714869569
131,auki,-8.7676,160.7034,303.82,64,88,1.67,SB,1714869570
132,nahrin,36.0649,69.1334,287.03,91,100,1.55,AF,1714869570
133,alzamay,55.5562,98.6644,284.42,77,89,0.24,RU,1714869571
134,iglino,54.8324,56.4126,271.29,77,11,1.84,RU,1714869571
135,khandyga,62.6667,135.6,275.62,95,100,0.62,RU,1714869572
136,flin flon,54.7682,-101.865,280.9,54,100,2.6,CA,1714869572
137,kiruna,67.8557,20.2251,271.66,93,100,2.57,SE,1714869573
138,tolanaro,-25.0319,46.9987,295.19,64,20,3.09,MG,1714869573
139,mar del plata,-38.0023,-57.5575,287.64,89,0,4.12,AR,1714869574
140,happy valley-goose bay,53.3168,-60.3315,277.32,70,100,2.06,CA,1714869574
141,acarau,-2.8856,-40.12,298.75,90,100,4.35,BR,1714869575
142,smithers,54.7804,-127.1743,291.33,29,40,2.06,CA,1714869575
143,tiksi,71.6872,128.8694,269.69,91,100,2.5,RU,1714869576
144,el colomo,19.05,-104.25,297.14,73,0,2.66,MX,1714869576
145,dudinka,69.4058,86.1778,256.3,98,64,2.68,RU,1714869577
146,qaryat suluq,31.6682,20.2521,289.05,64,0,4.05,LY,1714869577
147,flying fish cove,-10.4217,105.6791,299.97,83,100,6.17,CX,1714869578
148,santa cruz,-17.8,-63.1667,291.85,100,40,1.03,BO,1714869484
149,crane,31.3974,-102.3501,289.28,77,100,16.79,US,1714869571
150,mangai,-4.05,19.5333,295.37,60,100,1.31,CD,1714869579
151,juneau,58.3019,-134.4197,289.15,77,100,4.12,US,1714869579
152,priozersk,61.0393,30.1291,278.76,83,100,4.84,RU,1714869580
153,aleksandrovsk-sakhalinskiy,50.8975,142.1561,276.24,58,85,2.09,RU,1714869581
154,palma sola,-23.9634,-64.2987,285.81,95,0,1.13,AR,1714869581
155,ebon,4.582,168.6964,301.21,83,82,7.17,MH,1714869581
156,sorong,-0.8833,131.25,301.75,78,72,2.83,ID,1714869582
157,lompoc,34.6391,-120.4579,290.38,77,100,4.12,US,1714869582
158,margate,51.3813,1.3862,282.42,90,20,2.03,GB,1714869583
159,sept-iles,50.2001,-66.3821,276.51,87,75,1.03,CA,1714869583
160,lejanias,3.5251,-74.0216,294.31,88,93,2.65,CO,1714869584
161,zavetnoye,47.1194,43.8903,278.06,45,100,4.52,RU,1714869584
162,atafu village,-8.5421,-172.5159,301.95,79,100,2.5,TK,1714869585
163,nhamunda,-2.1861,-56.7131,298.5,94,75,1.09,BR,1714869585
164,igarka,67.4667,86.5833,259.27,98,27,3.13,RU,1714869586
165,santiago del estero,-27.7951,-64.2615,289.09,89,0,3.47,AR,1714869556
166,beau vallon,-20.4189,57.6953,296.28,88,75,5.14,MU,1714869587
167,gunnedah,-30.9833,150.25,289.15,79,56,2.6,AU,1714869587
168,lihue,21.9789,-159.3672,300.73,80,100,9.77,US,1714869588
169,borovskoy,53.8,64.15,272.65,72,1,4.28,KZ,1714869588
170,hailar,49.2,119.7,283.53,43,0,3.81,CN,1714869589
171,qamdo,31.1667,97.2333,278.9,29,100,2.72,CN,1714869589
172,usinsk,65.9939,57.5281,265.41,93,100,2.68,RU,1714869590
173,salaga,8.5508,-0.5188,302.27,64,3,3.76,GH,1714869590
174,ishikawa,26.4233,127.8214,300.13,78,40,6.71,JP,1714869591
175,castillos,-34.1667,-53.8333,290.48,95,85,3.38,UY,1714869591
176,east london,-33.0153,27.9116,293.72,78,90,5.07,ZA,1714869592
177,aasiaat,68.7098,-52.8699,259.24,94,80,3.13,GL,1714869592
178,pitimbu,-7.4706,-34.8086,298.48,84,91,5.0,BR,1714869593
179,margaret river,-33.95,115.0667,290.0,73,0,4.5,AU,1714869367
180,kaifeng,34.7911,114.3483,289.76,69,100,2.0,CN,1714869594
181,isafjordur,66.0755,-23.124,275.35,76,55,2.26,IS,1714869595
182,christchurch,-43.5333,172.6333,290.05,70,28,4.12,NZ,1714869493
183,pacific grove,36.6177,-121.9166,285.6,85,40,4.63,US,1714869380
184,pittsburg,38.028,-121.8847,287.96,66,75,7.2,US,1714869596
185,ilirska bistrica,45.5697,14.2408,284.58,100,95,0.67,SI,1714869597
186,severo-yeniseyskiy,60.3725,93.0408,271.25,83,17,2.24,RU,1714869597
187,geraldton,-28.7667,114.6,286.38,82,0,2.06,AU,1714869598
188,onega,63.9061,38.1404,271.03,93,97,4.11,RU,1714869598
189,buriti alegre,-18.14,-49.0403,292.03,51,5,2.19,BR,1714869599
190,benjamin constant,-4.3831,-70.0311,297.22,95,100,0.6,BR,1714869600
191,natal,-5.795,-35.2094,299.27,83,20,3.6,BR,1714869601
192,filadelfia,39.9523,-75.1638,283.58,95,100,6.17,US,1714869602
193,adam,22.3756,57.5233,301.04,68,0,1.93,OM,1714869602
194,toliara,-23.35,43.6667,294.49,68,0,4.44,MG,1714869603
195,porto novo,6.4965,2.6036,301.05,82,68,2.92,BJ,1714869603
196,arteche,12.2645,125.4048,303.23,62,100,2.65,PH,1714869604
197,urupes,-21.2017,-49.29,301.78,37,1,3.71,BR,1714869605
198,punta alta,-38.8759,-62.0736,287.78,72,100,5.69,AR,1714869605
199,kerikeri,-35.2268,173.9474,288.76,85,96,2.7,NZ,1714869606
200,vilyuysk,63.7553,121.6247,274.26,89,75,4.02,RU,1714869606
201,cold lake,54.4502,-110.2017,285.12,37,20,1.03,CA,1714869607
202,tibati,6.4667,12.6333,294.87,83,100,0.48,CM,1714869607
203,ponta pora,-22.5361,-55.7256,296.95,49,99,2.32,BR,1714869608
204,kununurra,-15.7667,128.7333,302.14,39,99,6.17,AU,1714869609
205,san patricio,28.017,-97.5169,300.55,83,97,6.62,US,1714869609
206,bucheon-si,37.4989,126.7831,290.16,94,100,4.12,KR,1714869610
207,pisco,-13.7,-76.2167,293.18,88,0,1.54,PE,1714869611
208,bardai,11.65,7.2333,299.3,60,2,3.88,NG,1714869611
209,myitkyina,25.3833,97.4,298.82,45,100,0.99,MM,1714869612
210,fort st. john,56.2499,-120.8529,289.09,18,75,5.66,CA,1714869612
211,adi keyh,14.8444,39.3772,290.13,70,0,0.68,ER,1714869613
212,hermanus,-34.4187,19.2345,287.22,81,61,2.86,ZA,1714869613
213,santana,-0.0583,-51.1817,300.25,94,40,0.0,BR,1714869614
214,mezhdurechenskiy,59.6,65.9333,269.37,95,100,7.62,RU,1714869614
215,bubaque,11.2833,-15.8333,299.43,73,3,6.73,GW,1714869615
216,klaksvik,62.2266,-6.589,281.66,97,99,5.62,FO,1714869615
217,ancud,-41.8697,-73.8203,278.8,92,85,6.23,CL,1714869616
218,sirhind,30.6456,76.3825,299.44,24,0,3.02,IN,1714869616
219,i-n-salah,27.1935,2.4607,300.43,10,0,8.23,DZ,1714869617
220,mutare,-18.9707,32.6709,285.79,95,20,1.23,ZW,1714869618
221,prince george,53.9166,-122.753,292.38,23,20,2.57,CA,1714869532
222,acapulco de juarez,16.8634,-99.8901,302.05,70,0,5.14,MX,1714869582
223,federacion,-31.0062,-57.8996,292.36,96,100,2.6,AR,1714869619
224,menaka,15.9182,2.4022,307.59,18,96,2.44,ML,1714869619
225,la ronge,55.1001,-105.2842,284.29,37,75,3.09,CA,1714869620
226,tuy hoa,13.0833,109.3,304.0,65,100,1.38,VN,1714869620
227,broken hill,-31.95,141.4333,288.84,67,26,7.31,AU,1714869621
228,bejaia,36.7559,5.0843,287.75,72,0,2.57,DZ,1714869621
229,newport,51.5877,-2.9984,284.21,86,49,0.69,GB,1714869622
230,damara,4.9608,18.7035,296.23,77,12,1.33,CF,1714869623
231,jaru,-10.4389,-62.4664,297.66,90,40,0.97,BR,1714869623
232,robore,-18.3333,-59.75,299.4,51,100,1.71,BO,1714869624
233,novyy urgal,51.0736,132.5642,277.82,93,100,3.12,RU,1714869624
234,yugorsk,61.3133,63.3319,266.42,80,77,6.22,RU,1714869625
235,mont-laurier,46.5501,-75.4993,292.94,85,65,3.47,CA,1714869625
236,souillac,-20.5167,57.5167,296.36,88,75,5.14,MU,1714869626
237,weligama,5.9667,80.4167,300.69,85,100,2.64,LK,1714869626
238,ulladulla,-35.35,150.4667,288.44,85,100,3.8,AU,1714869627
239,kharan,28.5833,65.4167,296.98,47,0,2.39,PK,1714869627
240,bamboo flat,11.7,92.7167,300.2,89,20,1.03,IN,1714869628
241,tazacorte,28.629,-17.9293,292.68,51,0,5.14,ES,1714869628
242,oyem,1.5995,11.5793,294.42,96,43,0.57,GA,1714869629
243,carnarvon,-24.8667,113.6333,296.51,44,0,8.12,AU,1714869629
244,kwang binh,17.4833,106.6,302.73,65,3,0.29,VN,1714869630
245,langres,47.8333,5.3333,283.81,99,100,4.82,FR,1714869630
246,pangkalpinang,-2.1333,106.1333,299.01,93,99,1.95,ID,1714869631
247,port isabel,26.0734,-97.2086,301.2,86,100,6.69,US,1714869631
248,hadibu,12.65,54.0333,302.29,79,34,1.09,YE,1714869632
249,jamestown,42.097,-79.2353,288.92,84,100,6.69,US,1714869632
250,kamyanyets,52.4001,23.81,285.41,85,100,2.86,BY,1714869633
251,tulun,54.5611,100.5792,285.46,58,7,3.52,RU,1714869633
252,sosnovo-ozerskoye,52.5249,111.5418,283.22,43,100,4.16,RU,1714869634
253,palu,-0.8917,119.8707,302.46,78,100,0.61,ID,1714869634
254,kiama,-34.6833,150.8667,289.47,94,100,1.34,AU,1714869635
255,bodo,67.28,14.405,277.47,87,0,2.57,NO,1714869635
256,polyarnyy,69.1989,33.4478,268.79,96,99,4.65,RU,1714869636
257,wum,6.3833,10.0667,293.02,89,98,1.68,CM,1714869636
258,nikolayevsk-on-amure,53.1406,140.73,281.52,38,100,3.79,RU,1714869637
259,north myrtle beach,33.816,-78.68,296.6,83,0,3.09,US,1714869637
260,karachi,24.9056,67.0822,300.05,74,40,5.14,PK,1714869638
261,howrah,22.5892,88.3103,303.15,84,75,3.09,IN,1714869638
262,myskhako,44.6714,37.7433,282.36,43,100,9.14,RU,1714869639
263,constantia,44.1833,28.65,282.43,79,0,4.4,RO,1714869639
264,pangody,65.85,74.4859,268.53,90,100,8.35,RU,1714869640
265,qaqortoq,60.7167,-46.0333,272.51,62,4,0.99,GL,1714869640
266,ust'-ilimsk,58.0006,102.6619,276.73,79,100,1.73,RU,1714869641
267,westport,41.1415,-73.3579,286.1,82,20,4.12,US,1714869641
268,tra vinh,9.9347,106.3453,304.45,61,100,2.11,VN,1714869642
269,pentecoste,-3.7928,-39.2703,297.02,96,100,0.76,BR,1714869642
270,colac,-38.3333,143.5833,288.61,62,89,3.05,AU,1714869643
271,dazhong,33.1997,120.4578,288.05,97,100,3.21,CN,1714869643
272,pyoksong-up,38.0475,125.5567,288.68,98,100,3.24,KP,1714869644
273,tacuarembo,-31.7333,-55.9833,290.68,98,100,2.58,UY,1714869391
274,revda,56.801,59.9303,266.78,95,83,3.55,RU,1714869645
275,broome,42.2506,-75.833,287.58,71,100,6.17,US,1714869645
276,quatre cocos,-20.2078,57.7625,296.21,75,36,8.33,MU,1714869646
277,upington,-28.4478,21.2561,288.36,51,0,1.54,ZA,1714869647
278,camayenne,9.535,-13.6878,303.2,84,75,3.09,GN,1714869647
279,arraial do cabo,-22.9661,-42.0278,297.29,88,0,10.27,BR,1714869648
280,pandan,14.0453,124.1694,303.21,66,20,2.65,PH,1714869648
281,alesund,62.4723,6.1549,284.21,88,100,1.54,NO,1714869648
282,galliano,29.4422,-90.2992,300.15,78,0,0.0,US,1714869649
283,farmville,37.3021,-78.3919,288.44,100,100,3.09,US,1714869649
284,trincomalee,8.5711,81.2335,301.57,83,100,3.71,LK,1714869650
285,breckenridge,32.7557,-98.9023,295.26,100,100,3.54,US,1714869650
286,roja,57.5,22.8167,280.39,70,9,3.42,LV,1714869651
287,gornozavodsk,58.3758,58.3211,268.82,74,11,2.66,RU,1714869651
288,saint croix,17.7397,-64.7388,298.68,89,5,2.6,VI,1714869652
289,dolny kubin,49.2098,19.3034,286.45,92,75,0.91,SK,1714869652
290,ta`u,-14.2336,-169.5144,301.53,81,99,9.91,AS,1714869653
291,vilyuchinsk,52.9306,158.4028,277.3,96,100,1.8,RU,1714869653
292,savalou,7.9281,1.9756,299.92,78,85,2.61,BJ,1714869654
293,vadso,70.0744,29.7487,272.64,86,75,7.2,NO,1714869654
294,penzance,50.1186,-5.5371,285.53,89,99,8.85,GB,1714869655
295,capinota,-17.7167,-66.2333,293.82,57,21,1.57,BO,1714869655
296,minas de marcona,-15.2119,-75.1103,288.91,87,85,4.96,PE,1714869656
297,zeya,53.75,127.2667,283.98,46,6,1.35,RU,1714869656
298,puerto aysen,-45.4,-72.7,274.83,98,77,2.07,CL,1714869366
299,colonel hill,22.7667,-74.2167,298.6,75,2,9.54,BS,1714869657
300,okhotsk,59.3833,143.3,276.53,75,57,2.53,RU,1714869658
301,lhasa,29.65,91.1,279.22,83,100,2.83,CN,1714869658
302,panjab,34.388,67.0233,275.05,91,63,2.16,AF,1714869659
303,miles city,46.4083,-105.8406,290.69,23,0,2.06,US,1714869660
304,nemuro,43.3236,145.575,279.08,87,95,5.42,JP,1714869660
305,willard,41.0531,-82.7263,294.85,77,96,3.04,US,1714869661
306,chul'man,56.8479,124.9104,273.86,83,94,0.89,RU,1714869661
307,new norfolk,-42.7826,147.0587,286.44,52,0,0.27,AU,1714869662
308,tsiombe,-25.3,45.4833,290.62,76,0,2.85,MG,1714869662
309,male,4.1748,73.5089,303.12,84,20,6.69,MV,1714869662
310,villa de soto,-30.8552,-64.9995,288.93,89,7,3.01,AR,1714869663
311,buston,40.2342,69.6948,291.25,72,75,4.0,TJ,1714869663
312,nagqu,31.5,92.0,273.53,67,100,2.45,CN,1714869664
313,oriximina,-1.7656,-55.8661,298.89,94,72,1.39,BR,1714869664
314,reynosa,26.0833,-98.2833,303.06,68,75,8.75,MX,1714869619
315,skanes,35.7833,10.8,289.16,59,0,1.03,TN,1714869665
316,trairi,-3.2778,-39.2689,298.44,91,100,3.97,BR,1714869666
317,taro,-8.3862,115.28,295.15,72,46,1.38,ID,1714869666
318,sao jose da coroa grande,-8.8978,-35.1478,299.96,84,79,5.21,BR,1714869667
319,kayattar,8.95,77.8,302.08,70,94,5.21,IN,1714869667
320,nyala,12.05,24.8833,298.92,13,84,4.99,SD,1714869668
321,shijiazhuang,38.0414,114.4786,288.07,49,100,1.27,CN,1714869668
322,reforma,18.1,-91.0167,307.44,29,0,3.34,MX,1714869669
323,jishui,33.7333,115.4,290.02,69,100,3.12,CN,1714869669
324,narasannapeta,18.4167,84.05,302.01,83,100,5.37,IN,1714869670
325,fort bragg,35.139,-79.006,294.23,95,100,2.06,US,1714869670
326,kiraz,38.2306,28.2044,284.34,78,100,2.59,TR,1714869671
327,weno,7.4515,151.8468,304.12,89,100,4.63,FM,1714869671
328,koh kong,11.6175,102.9806,301.97,75,100,0.8,KH,1714869672
329,shenkursk,62.1091,42.896,270.94,76,85,1.68,RU,1714869673
330,sisimiut,66.9395,-53.6735,264.21,82,45,3.99,GL,1714869673
331,coquimbo,-29.9533,-71.3436,287.0,76,0,2.06,CL,1714869674
332,dubbo,-32.25,148.6167,289.22,77,100,3.09,AU,1714869674
333,rocha,-34.4833,-54.3333,288.38,99,50,2.79,UY,1714869420
334,mao,39.8885,4.2658,288.46,100,0,3.09,ES,1714869675
335,al fuwayliq,26.4432,43.2534,296.45,20,0,3.96,SA,1714869676
336,pathein,16.7833,94.7333,303.7,66,2,3.74,MM,1714869676
337,mayya,61.7333,130.2811,279.77,70,99,0.84,RU,1714869677
338,mount isa,-20.7333,139.5,297.02,38,60,4.63,AU,1714869678
339,hwange,-18.3693,26.5019,288.59,50,0,1.0,ZW,1714869679
340,al aaroui,35.0118,-3.0045,289.29,71,0,1.03,MA,1714869679
341,cockburn town,21.4612,-71.1419,298.77,80,0,7.92,TC,1714869680
342,tendukheda,23.4,79.55,304.28,13,100,2.01,IN,1714869680
343,miranda,3.2499,-76.2281,295.22,96,100,0.97,CO,1714869681
344,karukh,34.4811,62.5863,288.67,56,6,2.37,AF,1714869682
345,port alfred,-33.5906,26.891,289.92,90,100,0.89,ZA,1714869682
346,kingston,17.997,-76.7936,302.68,70,20,6.17,JM,1714869683
347,tucuma,-0.1833,-50.05,298.88,92,100,2.27,BR,1714869683
348,torghay,49.6339,63.4981,278.02,60,100,3.73,KZ,1714869684
349,cururupu,-1.8283,-44.8683,297.37,100,100,2.52,BR,1714869684
350,daru,-9.0763,143.2092,300.6,89,100,7.92,PG,1714869685
351,tocopilla,-22.092,-70.1979,291.59,76,7,2.11,CL,1714869685
352,lashio,22.9333,97.75,299.17,44,8,0.8,MM,1714869686
353,luganville,-15.5333,167.1667,300.27,82,100,4.68,VU,1714869686
354,east end,34.5507,-92.341,297.09,92,92,1.94,US,1714869687
355,san lawrenz,36.0553,14.204,289.18,86,6,3.48,MT,1714869687
356,ribeira brava,32.65,-17.0667,292.99,83,61,2.25,PT,1714869688
357,richards bay,-28.783,32.0377,293.45,75,0,6.15,ZA,1714869688
358,queenstown,-31.8976,26.8753,286.12,53,0,0.6,ZA,1714869689
359,dalandzadgad,43.5708,104.425,290.12,26,26,3.99,MN,1714869690
360,awjilah,29.1081,21.2869,289.77,48,0,4.13,LY,1714869690
361,kavaratti,10.5669,72.642,302.22,69,100,2.98,IN,1714869691
362,valentin gomez farias,28.2167,-106.5833,299.18,7,27,9.29,MX,1714869691
363,hithadhoo,-0.6,73.0833,302.59,76,100,5.29,MV,1714869692
364,rehoboth,-23.3167,17.0833,289.6,31,0,1.63,NA,1714869692
365,vorkuta,67.5,64.0,256.31,99,100,1.29,RU,1714869693
366,cole harbour,44.6724,-63.4751,280.81,86,77,2.57,CA,1714869693
367,san jeronimo de juarez,17.1333,-100.4667,300.39,66,4,3.33,MX,1714869694
368,karak city,31.1637,35.762,286.33,59,100,4.05,JO,1714869695
369,brookings,44.3114,-96.7984,287.34,44,0,3.09,US,1714869515
370,puerto cabezas,14.0351,-83.3888,299.55,74,31,3.26,NI,1714869696
371,abdanan,32.9926,47.4198,291.2,55,15,1.96,IR,1714869697
372,kone,-21.0595,164.8658,298.71,54,100,1.96,NC,1714869698
373,glendive,47.1053,-104.7125,288.25,30,0,2.57,US,1714869698
374,noshiro,40.2039,140.0242,291.61,36,53,2.45,JP,1714869699
375,sinabang,2.4803,96.3801,301.0,82,100,1.72,ID,1714869699
376,strelka,58.0728,93.0344,279.28,62,6,4.12,RU,1714869700
377,shipunovo,52.1582,82.2173,287.03,75,99,2.13,RU,1714869700
378,laufenburg,47.5651,8.0605,287.5,81,100,0.93,DE,1714869701
379,egersund,58.4513,5.9997,284.31,83,100,0.74,NO,1714869701
380,taoudenni,22.6783,-3.9836,302.53,6,0,5.37,ML,1714869702
381,ulsteinvik,62.3432,5.8487,284.21,78,100,1.16,NO,1714869702
382,changyon,38.2508,125.0961,288.61,97,100,2.88,KP,1714869703
383,xam nua,20.4197,104.0439,300.86,38,0,1.13,LA,1714869703
384,novyy urengoy,66.0833,76.6333,268.17,89,100,7.81,RU,1714869704
385,kisoro,-1.2854,29.685,287.69,98,100,0.39,UG,1714869704
386,tadine,-21.55,167.8833,298.14,51,25,5.16,NC,1714869705
387,coahuayana de hidalgo,18.7,-103.6583,298.38,71,51,2.05,MX,1714869705
388,thanh hoa,19.8,105.7667,301.46,80,99,2.4,VN,1714869706
389,port-vila,-17.7338,168.3219,299.93,69,75,6.17,VU,1714869706
390,hanzhong,33.0728,107.0303,290.15,78,64,0.23,CN,1714869707
391,enewetak,11.3474,162.3373,300.86,76,13,7.53,MH,1714869707
392,sayan,-11.1361,-77.1933,295.84,72,12,0.95,PE,1714869708
393,sao joao da barra,-21.6403,-41.0511,295.2,88,0,5.23,BR,1714869708
394,coronel dorrego,-38.7187,-61.2873,286.55,71,100,6.95,AR,1714869709
395,labasa,-16.4167,179.3833,301.99,79,77,3.08,FJ,1714869709
396,kupang,-10.1667,123.5833,304.47,79,20,4.12,ID,1714869710
397,kourou,5.1552,-52.6478,300.18,95,99,3.49,GF,1714869710
398,benguela,-12.5763,13.4055,298.08,75,2,1.23,AO,1714869711
399,bredy,52.4153,60.3411,272.73,68,0,2.56,RU,1714869711
400,lubang,13.8584,120.124,301.24,77,36,6.97,PH,1714869712
401,anori,-3.7728,-61.6442,298.26,97,100,1.07,BR,1714869712
402,north bend,43.4065,-124.2243,283.28,87,100,6.69,US,1714869713
403,mejit,10.2753,170.8646,300.75,78,93,7.53,MH,1714869713
404,gufeng,26.9083,118.9819,290.86,91,100,1.16,CN,1714869714
405,bruck an der leitha,48.0167,16.7667,287.05,87,0,3.09,AT,1714869714
406,akureyri,65.6835,-18.0878,277.11,87,100,1.03,IS,1714869715
407,west plains,36.7281,-91.8524,295.61,76,40,2.06,US,1714869715
408,bandarbeyla,9.4942,50.8122,298.12,91,100,10.22,SO,1714869716
409,farafangana,-22.8167,47.8333,294.64,67,93,2.17,MG,1714869716
410,antsiranana,-12.2787,49.2917,298.26,76,5,7.67,MG,1714869717
411,south hedland,-20.4089,118.5983,296.11,33,0,3.09,AU,1714869717
412,palikir - national government center,6.9248,158.1611,303.62,79,100,7.72,FM,1714869718
413,regina,50.4501,-104.6178,285.21,57,75,5.14,CA,1714869608
414,alice springs,-23.7,133.8833,288.9,41,0,5.14,AU,1714869718
415,hoi an,15.8794,108.335,300.13,62,100,1.61,VN,1714869719
416,buka,40.8108,69.1986,288.75,90,100,6.15,UZ,1714869720
417,sao miguel,-5.4667,-35.3667,298.58,87,95,4.48,BR,1714869720
418,nova granada,-20.5339,-49.3142,301.29,41,4,2.25,BR,1714869721
419,taitung city,22.7583,121.1444,302.3,79,75,1.03,TW,1714869721
420,la passe,45.5549,-0.8967,287.28,96,100,3.33,FR,1714869722
421,tamanrasset,22.785,5.5228,299.1,25,0,5.66,DZ,1714869722
422,cochin,9.9399,76.2602,301.14,79,100,1.47,IN,1714869723
423,hilo,19.7297,-155.09,299.0,78,100,5.66,US,1714869545
424,ar ruways,24.1103,52.7306,301.6,61,2,2.7,AE,1714869723
425,ambon,-3.6954,128.1814,302.23,84,40,1.03,ID,1714869483
426,ierapetra,35.01,25.7353,291.01,61,100,3.13,GR,1714869724
427,saint-philippe,-21.3585,55.7679,294.92,80,84,6.77,RE,1714869725
428,quellon,-43.1167,-73.6167,278.55,86,100,3.46,CL,1714869725
429,upper hutt,-41.1383,175.0502,289.5,58,2,1.99,NZ,1714869726
430,lorengau,-2.0226,147.2712,301.89,82,100,2.26,PG,1714869726
431,kapoeta,4.7717,33.5903,297.42,70,100,2.27,SS,1714869727
432,ciudad sabinas hidalgo,26.5,-100.1667,303.17,61,12,4.87,MX,1714869727
433,sydney mines,46.2367,-60.2177,278.15,90,20,2.57,CA,1714869728
434,berdigestyakh,62.0989,126.6992,274.29,99,55,1.6,RU,1714869728
435,lincheng,19.9078,109.6858,301.82,68,0,1.53,CN,1714869729
436,nuuk,64.1835,-51.7216,269.49,58,0,11.83,GL,1714869729
437,mariehamn,60.0973,19.9348,278.61,81,0,0.51,AX,1714869730
438,rabak,13.1809,32.74,302.58,16,100,3.94,SD,1714869730
439,saint-francois,46.4154,3.9054,285.84,95,75,3.6,FR,1714869628
440,chernyshevskiy,63.0128,112.4714,273.35,90,100,2.19,RU,1714869731
441,chilliwack,49.1747,-121.9443,294.32,37,100,4.12,CA,1714869732
442,rio gallegos,-51.6226,-69.2181,276.18,81,40,6.69,AR,1714869732
443,bhainsdehi,21.6467,77.6325,301.04,30,100,3.49,IN,1714869733
444,novoselitskoye,44.7508,43.4369,278.86,92,100,4.5,RU,1714869733
445,rio de teapa,17.7875,-92.8958,308.15,23,0,4.79,MX,1714869734
446,sainte-suzanne,-20.9061,55.6089,296.25,68,0,6.69,RE,1714869734
447,ulanhot,46.0833,122.0833,286.65,36,87,8.39,CN,1714869735
448,sussex,41.1834,-74.6663,285.62,74,100,2.57,US,1714869735
449,chinde,26.8418,88.0763,295.11,32,6,0.84,NP,1714869736
450,menongue,-14.6585,17.691,286.14,56,28,2.19,AO,1714869736
451,yuzhno-kurilsk,44.0306,145.8556,276.14,90,100,3.99,RU,1714869737
452,gersheim,49.15,7.2,286.01,95,75,3.6,DE,1714869737
453,kodinar,20.7903,70.7031,300.64,61,16,5.6,IN,1714869738
454,susuman,62.7833,148.1667,269.81,85,87,0.89,RU,1714869738
455,manali,13.1667,80.2667,304.32,82,2,0.45,IN,1714869739
456,el alto,-4.2714,-81.2147,293.49,82,15,4.8,PE,1714869739
457,inda silase,14.1031,38.2829,293.97,29,0,0.6,ET,1714869740
458,pavlodol'skaya,43.7192,44.4781,281.41,96,100,4.9,RU,1714869741
459,la serena,-29.9078,-71.2542,286.88,76,0,2.06,CL,1714869741
460,ardakan,32.31,54.0175,292.76,40,0,0.72,IR,1714869742
461,tambuwal,12.4039,4.6469,305.2,36,0,3.15,NG,1714869742
462,jinxiang,27.4327,120.6062,292.73,98,100,2.43,CN,1714869743
463,funafuti,-8.5243,179.1942,301.15,94,100,1.03,TV,1714869743
464,cameron,26.117,-97.5169,301.23,85,100,6.69,US,1714869744
465,colonia,50.9333,6.95,285.14,92,20,2.57,DE,1714869744
466,kingscliff,-28.2667,153.5667,296.45,83,40,3.09,AU,1714869745
467,shambu,9.5667,37.1,286.12,63,100,0.59,ET,1714869746
468,alaghsas,17.0187,8.0168,303.7,11,0,4.2,NE,1714869746
469,sabha,27.0377,14.4283,297.39,43,5,4.56,LY,1714869746
470,shantobe,52.4581,68.1839,273.68,78,96,3.39,KZ,1714869747
471,aykhal,66.0,111.5,272.78,92,32,4.41,RU,1714869747
472,hammerfest,70.6634,23.6821,273.4,69,100,5.14,NO,1714869748
473,tawau,4.2498,117.8871,298.22,76,100,0.98,MY,1714869749
474,midvagur,62.0511,-7.1939,281.61,100,100,7.72,FO,1714869749
475,emerald,-23.5333,148.1667,297.78,59,0,3.77,AU,1714869608
476,bozoum,6.3193,16.3799,296.55,58,71,1.92,CF,1714869750
477,alibag,18.6411,72.8792,302.19,81,0,2.34,IN,1714869751
478,trail,49.0998,-117.7022,291.56,36,100,2.67,CA,1714869751
479,ingeniero jacobacci,-41.3427,-69.5448,274.07,66,4,10.42,AR,1714869752
480,codajas,-3.8367,-62.0569,298.19,97,100,1.11,BR,1714869752
481,sassandra,4.95,-6.0833,300.72,86,48,2.68,CI,1714869753
482,port alberni,49.2413,-124.8028,290.89,67,100,1.34,CA,1714869754
483,farasan,16.7022,42.1183,302.83,69,5,4.23,SA,1714869754
484,benghazi,32.1167,20.0667,290.93,62,0,6.4,LY,1714869755
485,gizo,-8.103,156.8419,301.22,78,100,1.5,SB,1714869755
486,kulhudhuffushi,6.6221,73.07,303.02,74,100,3.38,MV,1714869755
487,santa cruz de la sierra,-17.8,-63.1667,291.85,100,40,1.03,BO,1714869484
488,san juan,-31.5375,-68.5364,290.44,27,0,2.28,AR,1714869756
489,carloforte,39.145,8.3058,288.26,59,9,1.65,IT,1714869757
490,ola,59.5833,151.2833,276.56,86,49,1.25,RU,1714869757
491,kenora,49.8167,-94.4337,281.69,71,75,4.63,CA,1714869758
492,malur,13.0075,77.9378,298.03,70,0,3.26,IN,1714869758
493,aginskoye,51.1,114.53,283.28,39,100,3.94,RU,1714869759
494,al jawf,29.5,38.75,292.84,33,5,5.05,SA,1714869759
495,tome acu,-2.4189,-48.1522,297.73,99,100,1.19,BR,1714869760
496,luau,-10.7073,22.2247,288.39,62,100,1.51,AO,1714869760
497,kennett,36.2362,-90.0556,299.23,39,0,2.57,US,1714869761
498,aioun,16.6614,-9.6149,306.31,10,0,4.87,MR,1714869761
499,rongelap,11.1635,166.8941,300.62,77,100,6.74,MH,1714869762
500,mogadishu,2.0371,45.3438,301.26,81,100,5.34,SO,1714869762
501,petrovsk-zabaykal'skiy,51.273,108.843,286.0,43,100,1.13,RU,1714869763
502,novodvinsk,64.4165,40.8122,271.92,97,98,2.76,RU,1714869763
503,terre haute,39.4667,-87.4139,298.3,57,0,2.06,US,1714869764
504,nenjiang,49.1833,125.2167,282.11,56,100,6.37,CN,1714869764
505,kingori,-3.2833,36.9833,290.27,93,100,0.13,TZ,1714869765
506,eaglehawk,-36.7333,144.25,293.47,55,10,0.45,AU,1714869765
507,payakumbuh,-0.2202,100.6308,297.74,91,99,0.4,ID,1714869766
508,mersing,2.4312,103.8405,298.1,94,20,0.0,MY,1714869766
509,fort mcmurray,56.7268,-111.381,288.92,36,100,3.6,CA,1714869767
510,nadi,-17.8,177.4167,304.15,66,75,5.14,FJ,1714869767
511,takoradi,4.8845,-1.7554,301.09,84,13,3.3,GH,1714869768
512,coaldale,49.7167,-112.6185,289.77,29,75,6.69,CA,1714869768
513,morondava,-20.2833,44.2833,296.58,64,0,4.61,MG,1714869769
514,dolores,-36.3132,-57.6792,286.75,93,54,4.14,AR,1714869769
515,senador jose porfirio,-2.5908,-51.9542,297.55,97,100,1.16,BR,1714869770
516,iskateley,67.6803,53.1512,259.27,100,100,1.79,RU,1714869771
517,inskoy,54.4297,86.44,285.13,87,100,5.37,RU,1714869771
518,ad dilam,23.9915,47.1627,299.38,33,0,3.65,SA,1714869772
519,callao,-12.0667,-77.15,296.33,77,20,4.12,PE,1714869772
520,buzuluk,52.7807,52.2635,275.35,65,4,1.79,RU,1714869773
521,xichang,27.8964,102.2634,289.88,57,100,1.09,CN,1714869773
522,dryden,49.7833,-92.7503,281.31,66,100,3.09,CA,1714869774
523,brownwood,31.7093,-98.9912,295.15,97,100,3.09,US,1714869774
524,naze,28.3667,129.4833,296.66,85,100,6.65,JP,1714869775
525,bereeda,11.8704,51.0579,302.95,72,100,3.0,SO,1714869775
526,lethem,3.3803,-59.7968,299.9,84,100,3.11,GY,1714869776
527,kosh-agach,50.0,88.6667,278.32,57,82,0.89,RU,1714869776
528,touros,-5.1989,-35.4608,299.45,85,17,4.85,BR,1714869777
529,ghazni,33.5536,68.4269,282.68,76,34,2.39,AF,1714869777
530,nueva gerona,21.8833,-82.8,300.32,69,37,4.31,CU,1714869778
531,roma,43.2128,-75.4557,291.23,52,20,3.09,US,1714869778
532,huicungo,-7.2833,-76.8,296.58,99,100,0.37,PE,1714869779
533,west bay,19.3667,-81.4167,301.19,78,20,5.14,KY,1714869779
534,alexandria,31.2156,29.9553,289.45,65,0,5.01,EG,1714869578
535,labuan,5.2767,115.2417,300.35,94,20,0.0,MY,1714869780
536,cabinda,-5.55,12.2,300.23,94,40,2.06,AO,1714869781
537,znomenka,48.7128,32.6647,278.38,52,7,1.71,UA,1714869781
538,saldanha,-33.0117,17.9442,287.18,94,100,3.44,ZA,1714869782
539,calvinia,-31.4707,19.776,282.87,43,0,0.43,ZA,1714869782
540,valle de la pascua,9.2155,-66.0073,304.17,53,100,2.0,VE,1714869783
541,sao joaquim,-28.2939,-49.9317,286.9,98,100,1.58,BR,1714869783
542,kruisfontein,-34.0033,24.7314,289.2,72,57,1.86,ZA,1714869784
543,hola,51.5377,23.1902,286.25,65,66,2.34,PL,1714869784
544,amursk,50.2261,136.8994,280.36,51,100,7.47,RU,1714869786
545,ankang,32.68,109.0172,289.47,80,83,0.42,CN,1714869786
546,pangoa,-12.1167,-73.0,295.1,96,83,0.97,PE,1714869787
547,yeniseysk,58.4497,92.1703,276.45,71,27,3.58,RU,1714869787
548,sakiet sidi youssef,36.2229,8.3555,278.91,35,0,1.21,TN,1714869788
549,longquan,24.6719,102.1613,296.19,38,3,1.78,CN,1714869788
550,draguignan,43.5333,6.4667,286.91,89,40,0.0,FR,1714869789
551,luanda,-8.8368,13.2343,298.15,87,0,2.57,AO,1714869789
552,punaauia,-17.6333,-149.6,303.95,70,20,2.57,PF,1714869790
553,borgarnes,64.5383,-21.9206,278.6,73,6,1.79,IS,1714869791
554,lys'va,58.1086,57.8053,269.47,76,16,2.35,RU,1714869791
555,haapajarvi,63.75,25.3333,273.96,83,100,3.06,FI,1714869792
556,mumford,5.2618,-0.759,301.29,83,3,3.1,GH,1714869792
557,yasnyy,51.0333,59.8742,274.27,66,0,1.94,RU,1714869793
558,midoun,33.8081,10.9923,290.07,64,0,4.0,TN,1714869794
559,raduzhny,62.0961,77.475,271.66,97,100,7.64,RU,1714869794
560,key west,24.5557,-81.7826,301.15,69,0,7.72,US,1714869795
561,inverell,-29.7833,151.1167,290.43,92,100,0.89,AU,1714869795
562,las heras,-46.5419,-68.9359,276.77,66,63,3.63,AR,1714869796
563,jinshi,29.6049,111.8701,291.51,75,7,1.09,CN,1714869796
564,salekhard,66.53,66.6019,257.81,96,42,3.13,RU,1714869797
565,itacoatiara,-3.1431,-58.4442,298.39,96,100,0.91,BR,1714869797
566,nabire,-3.3667,135.4833,301.37,84,83,0.71,ID,1714869798
567,tifton,31.4505,-83.5085,294.13,97,40,0.0,US,1714869798
568,divnomorskoye,44.5011,38.1353,282.69,49,100,8.19,RU,1714869799
569,lata,40.1629,-8.3327,288.19,97,91,2.12,PT,1714869799
570,kirensk,57.7853,108.1119,279.8,89,99,0.89,RU,1714869800
571,papao,-17.75,-149.55,303.97,80,10,7.61,PF,1714869800
572,severnoye,56.3491,78.3619,279.81,94,96,3.58,RU,1714869801
573,sanctuary point,-35.1114,150.629,288.01,87,100,2.26,AU,1714869801
574,souda,35.4844,24.0744,288.78,88,75,2.06,GR,1714869802
575,chibougamau,49.9168,-74.3659,285.94,82,20,2.57,CA,1714869802
